ID,y
1,86.5747375488
2,103.893013
3,83.002456665
4,79.0781478882
5,117.70980835
8,98.6204452515
10,117.688400269
11,96.9431533813
12,118.920455933
14,95.9345626831
15,116.914138794
16,104.375442505
17,97.2632675171
19,95.6453475952
20,106.194107056
21,98.3557052612
22,116.854682922
23,97.2632675171
26,95.4295120239
28,95.4028396606
29,97.2632675171
33,97.2632675171
35,94.9315185547
41,97.2632675171
42,94.640411377
43,116.498138428
45,103.162010193
46,103.619300842
51,93.9883956909
53,82.8295898438
55,113.868934631
56,94.5001373291
57,103.97580719
58,94.0933609009
59,104.184341431
63,112.134117126
64,95.2561721802
65,105.64616394
69,94.0700683594
71,96.2379302979
72,103.880615234
73,94.3537597656
76,104.124885559
77,104.104171753
78,114.832046509
82,94.4132156372
83,105.64616394
84,94.6465454102
85,103.513244629
87,111.869384766
88,96.7153244019
89,112.902565002
91,94.0271377563
93,94.8406600952
94,104.898361206
95,93.9190368652
96,112.509658813
97,93.7820205688
98,112.742736816
99,94.8142929077
101,104.323112488
103,112.902565002
104,94.0591812134
105,111.61227417
110,95.1545791626
111,112.495300293
113,112.717773438
114,93.6655578613
115,113.737060547
117,112.902565002
120,94.1799697876
121,112.585388184
122,93.9630355835
123,113.817436218
126,112.766830444
132,114.296676636
135,106.596672058
137,105.744544983
138,95.3378753662
140,94.4356536865
142,112.183250427
144,112.611473083
148,93.9872131348
149,112.664588928
155,93.8819198608
156,112.558532715
157,93.7820205688
162,112.591583252
163,94.1129455566
167,94.4777832031
172,115.322998047
179,113.704864502
180,94.2284927368
181,111.95589447
182,94.8462295532
183,112.902565002
185,112.902565002
187,112.770713806
188,94.4132156372
189,93.9883956909
191,94.1402740479
192,111.533027649
193,95.0313415527
194,112.214027405
195,93.9518737793
196,112.843109131
198,96.3605422974
199,112.552017212
201,105.64616394
204,95.1378707886
205,103.82749939
206,95.0083618164
210,94.8465499878
211,104.323112488
216,112.611473083
219,115.448707581
220,94.0892181396
221,111.541595459
226,111.95589447
227,94.4323272705
228,112.552017212
230,111.981781006
231,93.7820205688
235,115.131599426
236,94.9382324219
238,111.981781006
242,104.168640137
243,94.0271377563
244,78.6863021851
245,110.047302246
247,112.167282104
248,95.5046386719
249,94.5280151367
250,112.426071167
251,94.9382324219
253,115.131599426
254,94.9828414917
256,94.4700622559
257,93.9872131348
258,112.530761719
259,94.8787765503
262,79.3145446777
266,95.0552215576
267,112.658317566
272,103.464370728
273,112.902565002
275,94.9947433472
276,112.806419373
279,94.850189209
280,105.64616394
283,94.7354888916
285,112.552017212
288,112.902565002
289,96.0012817383
290,105.64616394
291,95.1524734497
292,112.233886719
293,112.367958069
296,95.0598907471
297,112.332794189
298,114.832046509
299,94.4132156372
304,94.688873291
305,87.4431304932
306,94.8319473267
307,111.95589447
311,109.245071411
313,111.95589447
314,94.1997299194
316,96.0240936279
324,94.9554214478
327,96.0607376099
329,94.8294219971
330,112.214027405
337,106.496658325
338,95.0648651123
339,105.403800964
340,95.2561721802
343,94.036895752
345,115.191055298
346,93.1868438721
347,112.658317566
349,112.906333923
350,93.6061019897
352,112.660812378
353,93.0695724487
354,79.3178863525
357,94.4700622559
358,112.849624634
362,112.459640503
364,116.457176208
365,103.933555603
366,95.5350723267
367,112.411529541
368,94.5322799683
370,79.1387786865
373,94.1951751709
377,94.1402740479
378,112.361442566
382,104.124885559
384,112.552017212
390,93.9190368652
392,113.797981262
393,115.132446289
395,95.0648651123
396,106.310905457
399,79.7453842163
406,112.204391479
408,112.204391479
409,94.242729187
410,78.7133331299
412,113.26675415
413,93.8308944702
419,93.9784927368
420,112.689796448
421,93.8308944702
430,103.692726135
434,93.9883956909
436,95.3358230591
437,94.6829833984
438,94.036895752
439,112.230278015
440,94.8787765503
443,112.552749634
446,95.1378707886
448,94.4765777588
452,95.1811523438
453,103.97580719
457,105.89466095
458,93.9883956909
459,116.488021851
460,103.791702271
462,104.468345642
464,103.985366821
465,115.448707581
467,119.762390137
471,112.886451721
472,78.7944259644
473,97.373916626
475,95.1378707886
480,95.0829620361
488,112.849624634
490,112.204391479
491,104.182052612
492,79.0964202881
493,94.5295181274
497,93.4930877686
498,112.528175354
499,94.4915847778
500,103.867797852
501,93.9883956909
502,112.415779114
506,82.7484970093
510,112.178535461
511,93.9069442749
512,94.8294219971
516,94.3674240112
518,94.242729187
519,112.717773438
521,93.4048919678
522,112.617378235
526,112.617378235
529,95.9273605347
532,112.485527039
533,94.4700622559
536,112.30267334
537,100.947463989
539,94.3537597656
540,104.571609497
541,95.2360610962
543,93.9883956909
546,112.770889282
547,94.8787765503
548,79.1566162109
551,94.4700622559
552,103.932250977
556,105.043632507
557,94.9939651489
558,112.66002655
559,95.2784194946
560,104.177131653
562,104.075996399
566,95.8985595703
570,112.528175354
571,94.6829833984
572,105.89466095
573,94.4132156372
575,115.448707581
576,112.338928223
577,93.5241546631
579,93.6412963867
580,112.592666626
581,114.296676636
589,112.204391479
591,103.34602356
593,94.9037399292
594,104.064628601
595,94.8784637451
598,94.4700622559
602,112.511573792
604,112.664588928
606,112.052886963
608,95.5350723267
609,104.571609497
610,93.8478469849
616,112.039245605
617,94.9410247803
618,103.351051331
620,104.318534851
622,112.112709045
623,93.7714385986
624,123.169464111
626,112.295928955
628,112.479011536
629,93.6061019897
630,112.230278015
637,94.7954101562
638,106.190315247
643,95.692489624
645,95.0829620361
646,119.849906921
648,96.1361160278
652,95.8329086304
653,94.6829833984
654,112.528175354
656,112.883285522
657,95.0787887573
659,94.4555206299
660,104.310997009
663,94.7212219238
664,112.342849731
666,103.484390259
668,112.409584045
669,93.9657821655
671,94.9939651489
675,94.2268753052
677,94.8080978394
678,110.230148315
679,105.64680481
682,95.7397918701
685,103.888198853
687,95.3378753662
688,94.3234939575
693,112.310211182
696,95.9201889038
698,94.4853897095
701,95.3882141113
704,104.148597717
705,115.448707581
709,113.725341797
710,94.1395339966
711,103.624938965
712,95.0235061646
714,112.042984009
715,94.4334945679
716,112.204391479
717,94.2340316772
720,115.191055298
721,94.3887710571
724,103.392379761
725,95.1973266602
726,112.399337769
728,112.407081604
731,94.4284667969
734,104.376647949
738,94.3800735474
745,112.302307129
746,94.688873291
751,78.7944259644
754,93.9647293091
756,94.4929504395
758,94.8457183838
759,111.413970947
761,115.389251709
766,95.1386184692
767,112.776016235
768,93.7714385986
769,112.611473083
770,94.4738464355
771,79.0964202881
772,104.253990173
773,94.4700622559
774,112.462524414
776,112.552017212
777,96.0073013306
780,115.322998047
782,104.571609497
787,103.351051331
788,94.3537597656
792,93.7069549561
793,113.154182434
798,95.6447982788
800,93.9117889404
806,112.204391479
809,112.611473083
811,112.78289032
812,93.0695724487
814,115.448707581
816,103.85823822
817,95.2784194946
818,109.890823364
820,112.382446289
823,93.9883956909
829,93.788520813
830,111.38809967
831,92.8089065552
834,112.279327393
839,94.4700622559
841,79.1029205322
844,104.38873291
845,93.9883956909
848,94.688873291
850,100.053916931
851,104.079475403
852,93.9463348389
854,94.020942688
855,94.8688583374
856,103.600105286
859,104.192047119
861,112.60974884
864,94.0738830566
865,112.60974884
866,94.671005249
867,93.1504669189
869,95.2352142334
871,93.0101165771
872,112.351615906
882,103.433792114
883,93.9883956909
885,94.9039001465
888,96.0607376099
893,112.351615906
901,110.377372742
903,104.329277039
904,94.809173584
905,104.313446045
910,95.294670105
911,113.160797119
914,112.30934906
918,116.280342102
921,93.7664108276
928,94.4700622559
929,104.313446045
932,94.8313369751
933,106.926147461
934,95.294670105
935,112.717773438
937,79.49243927
939,94.4132156372
940,103.868980408
941,94.5295181274
942,103.880493164
943,94.4853897095
944,103.977661133
947,112.351615906
949,112.440353394
951,111.984718323
952,95.3505859375
953,104.329277039
954,79.2225723267
957,112.552017212
959,93.8308944702
960,117.204627991
963,115.448707581
965,112.351615906
967,103.831619263
971,94.4700622559
972,79.1207580566
973,94.5383300781
974,112.552017212
975,95.3472137451
978,118.297416687
980,112.722320557
981,94.5510406494
984,112.449897766
986,95.294670105
988,93.7714385986
989,112.444839478
990,103.600105286
992,110.377372742
996,94.7657241821
999,112.525932312
1000,94.8958587646
1001,112.60974884
1002,93.7714385986
1003,112.552017212
1004,93.8308944702
1008,112.360420227
1009,94.0587310791
1010,105.448852539
1012,118.926254272
1013,94.0085983276
1014,116.477844238
1015,93.0101165771
1016,115.448707581
1019,93.0101165771
1020,112.430618286
1021,95.294670105
1022,104.208053589
1024,95.294670105
1025,79.1631164551
1027,95.3008651733
1028,104.201049805
1029,94.5439834595
1030,95.0020904541
1033,112.552017212
1036,95.9969329834
1037,112.067451477
1038,94.3023605347
1042,94.4132156372
1043,103.928436279
1044,94.3976669312
1045,112.413360596
1047,116.200904846
1050,93.9883956909
1051,112.351615906
1054,93.9883956909
1056,94.5510406494
1057,93.9883956909
1059,95.2032318115
1062,102.195640564
1063,104.053283691
1064,94.5510406494
1066,94.3889694214
1070,103.916351318
1076,112.472816467
1077,101.964950562
1078,112.450202942
1080,112.512580872
1082,111.619262695
1083,96.0607376099
1089,111.585983276
1091,96.0607376099
1093,95.3378753662
1097,94.9410247803
1099,93.6126174927
1101,95.294670105
1103,95.7867736816
1104,112.377502441
1106,112.666702271
1109,94.6675109863
1110,112.469200134
1111,95.5006713867
1112,115.449890137
1114,93.9883956909
1116,94.5218048096
1117,112.457435608
1120,94.5807189941
1124,112.177497864
1125,94.4798202515
1126,112.617378235
1134,112.51776886
1137,94.3674240112
1138,112.31804657
1144,112.352783203
1145,94.8784637451
1146,94.595451355
1148,95.4877624512
1150,94.5162353516
1152,104.38873291
1153,94.9426345825
1154,104.489868164
1155,94.4132156372
1157,94.6243972778
1162,94.4132156372
1165,112.552017212
1166,93.9361190796
1167,104.208053589
1168,95.3603210449
1169,104.192047119
1171,115.131599426
1172,94.8534164429
1173,104.192047119
1174,94.4700622559
1176,94.9345092773
1177,104.079475403
1178,94.4700622559
1182,112.499076843
1186,95.2301864624
1187,113.452156067
1188,94.5280151367
1189,115.322998047
1191,104.424591064
1192,94.4132156372
1197,112.109825134
1198,93.6336135864
1200,79.2225723267
1201,95.3217010498
1203,94.9345092773
1209,115.448707581
1214,104.172897339
1218,111.014518738
1222,94.2798156738
1226,95.2988510132
1228,94.3295135498
1230,94.9472045898
1232,79.1631164551
1233,96.7819824219
1236,116.200904846
1238,93.9847640991
1241,112.352783203
1244,106.516731262
1246,94.4203643799
1247,112.662864685
1250,113.335784912
1251,93.6655578613
1254,116.280342102
1255,94.1395339966
1256,109.10635376
1257,94.2460784912
1258,94.7567520142
1259,112.417266846
1260,95.0444488525
1263,112.287132263
1267,79.067817688
1268,112.668899536
1271,94.4132156372
1272,112.351615906
1274,104.358940125
1275,94.4132156372
1276,112.351615906
1277,94.5447235107
1279,94.595451355
1281,94.9784011841
1282,94.5280151367
1283,112.705238342
1285,112.490074158
1286,94.3674240112
1289,112.33846283
1296,112.682449341
1299,94.5162353516
1301,94.7657241821
1306,94.6401748657
1307,94.4700622559
1308,94.4341812134
1313,112.351615906
1314,95.3967208862
1315,112.469200134
1316,94.7764816284
1317,112.351615906
1319,94.8294219971
1323,95.2301864624
1324,104.262123108
1325,94.37474823
1328,104.496994019
1329,94.809173584
1330,112.60974884
1331,94.6559066772
1332,104.586372375
1337,95.0020904541
1338,112.3852005
1339,93.4048919678
1340,113.463241577
1343,112.547019958
1347,104.260505676
1348,94.5295181274
1349,104.429588318
1352,94.595451355
1354,94.9345092773
1359,112.970115662
1360,95.294670105
1363,112.351615906
1364,95.9201889038
1365,104.216705322
1366,95.0444488525
1372,95.2849349976
1375,104.357223511
1376,93.9883956909
1378,93.4048919678
1379,112.434455872
1380,95.294670105
1381,104.192047119
1384,114.198226929
1387,94.5162353516
1388,112.415176392
1392,79.1387786865
1394,105.954788208
1395,95.0020904541
1396,112.351615906
1398,94.8920135498
1399,112.351615906
1400,94.790222168
1401,94.8207244873
1403,94.3042068481
1404,111.212860107
1406,112.351615906
1407,93.9883956909
1408,112.287132263
1410,79.067817688
1412,112.351615906
1413,95.2784194946
1415,95.3967208862
1420,112.287132263
1422,111.014518738
1423,110.570037842
1424,112.287132263
1425,95.3378753662
1426,79.067817688
1427,94.9345092773
1429,93.7614135742
1430,112.481910706
1431,94.8688583374
1432,104.192047119
1434,112.687576294
1437,94.3537597656
1438,104.37147522
1440,112.668876648
1441,112.622459412
1442,94.4700622559
1444,112.448478699
1445,95.3967208862
1446,104.718833923
1448,94.2640380859
1453,94.5359954834
1454,112.351615906
1455,94.4132156372
1456,111.628356934
1458,112.351615906
1459,94.4429092407
1461,94.679069519
1465,94.5162353516
1466,112.436828613
1469,95.2301864624
1472,94.5359954834
1474,94.0478515625
1477,112.807250977
1479,112.67539978
1482,94.6756591797
1483,78.5902099609
1487,95.3008651733
1488,112.67539978
1490,112.437133789
1492,112.324119568
1494,115.322998047
1496,104.401054382
1497,95.2406082153
1499,94.9939651489
1502,94.0093994141
1507,111.668357849
1508,94.595451355
1509,112.67539978
1511,94.688873291
1512,112.754310608
1513,114.574394226
1514,104.532241821
1518,112.377502441
1519,93.8308944702
1522,112.479011536
1524,79.2225723267
1527,94.4700622559
1529,94.1901626587
1532,103.888198853
1536,112.31804657
1537,115.448707581
1539,106.114280701
1542,112.400184631
1543,93.9883956909
1544,104.419670105
1545,79.2225723267
1550,93.9883956909
1551,112.317062378
1554,104.223220825
1556,104.38873291
1559,94.2460784912
1560,79.1207580566
1562,94.4738464355
1566,93.8308944702
1567,112.377502441
1569,103.916351318
1570,115.449890137
1571,112.413360596
1574,94.595451355
1578,104.718833923
1580,94.6401748657
1583,112.919822693
1584,94.595451355
1585,112.754310608
1586,95.3734741211
1587,112.552017212
1588,93.8308944702
1590,114.574394226
1592,103.540649414
1596,120.023147583
1598,111.942359924
1599,93.9883956909
1604,118.830055237
1606,103.440307617
1607,95.2784194946
1608,103.653045654
1609,115.131599426
1611,95.1039047241
1613,95.1053619385
1616,95.7050704956
1619,112.424118042
1620,93.8838348389
1621,112.236953735
1622,94.3976669312
1625,110.377372742
1627,115.131599426
1629,112.559501648
1634,94.4788742065
1636,94.5295181274
1638,103.97580719
1639,94.4700622559
1641,94.9345092773
1643,95.0020904541
1644,104.089027405
1645,115.322998047
1646,95.5557403564
1647,104.223220825
1648,94.4915847778
1652,94.6401748657
1653,112.558532715
1656,94.919342041
1658,93.9883956909
1659,112.60974884
1661,94.7722015381
1663,95.2784194946
1664,112.919822693
1665,94.4132156372
1666,104.38873291
1667,103.670303345
1668,79.0613021851
1669,103.557731628
1670,94.9426345825
1672,112.611473083
1674,116.477844238
1677,112.67539978
1678,93.9774398804
1679,112.377502441
1680,95.5109176636
1683,104.313446045
1686,104.873512268
1687,111.014518738
1689,112.807250977
1690,94.8294219971
1691,115.191055298
1692,113.299453735
1693,94.595451355
1695,93.9883956909
1696,94.5359954834
1697,112.60974884
1700,104.38873291
1701,95.4026947021
1702,112.552017212
1703,93.7714385986
1704,112.790168762
1706,95.7332229614
1707,112.449897766
1708,94.5510406494
1710,94.9410247803
1711,104.079475403
1713,104.148597717
1717,104.026535034
1719,104.718833923
1720,94.0478515625
1722,94.2519454956
1725,103.600105286
1726,94.5510406494
1727,106.008415222
1729,112.419876099
1730,94.6401748657
1731,112.397918701
1733,104.38873291
1734,94.3537597656
1735,111.014518738
1738,95.1053619385
1742,96.0776367188
1745,116.477844238
1747,95.4026947021
1749,94.4915847778
1751,94.5510406494
1752,79.2225723267
1753,103.455917358
1754,94.8994903564
1755,95.1378707886
1756,106.099182129
1758,112.70388031
1759,94.4132156372
1760,106.041885376
1761,112.843719482
1762,94.5447235107
1763,112.668899536
1764,95.9086761475
1766,94.4234313965
1768,94.4700622559
1769,78.4949111938
1771,112.837089539
1772,95.2406082153
1773,104.079475403
1774,95.2943649292
1775,112.717773438
1777,112.611473083
1779,94.4132156372
1780,106.041885376
1787,93.7714385986
1788,94.4765777588
1790,94.4915847778
1796,112.377502441
1801,93.6645965576
1803,94.3252868652
1807,112.31804657
1809,112.807250977
1812,94.0442199707
1813,112.377502441
1814,94.8453674316
1815,114.038604736
1816,95.1167449951
1818,93.2682495117
1820,94.219543457
1821,116.200904846
1822,95.2054138184
1825,94.0540237427
1826,104.079475403
1828,94.5510406494
1831,103.792884827
1836,111.99118042
1837,94.5295181274
1841,94.0478515625
1844,103.557731628
1848,93.9190368652
1851,106.114280701
1852,96.0607376099
1853,93.9774398804
1854,112.662864685
1856,95.8637084961
1859,112.807250977
1860,94.5510406494
1861,79.2225723267
1863,104.201049805
1865,94.5295181274
1866,106.173736572
1867,95.0020904541
1868,93.7069549561
1872,94.5295181274
1879,95.1695556641
1880,103.908966064
1882,94.4765777588
1885,104.313446045
1887,103.703468323
1888,94.8261871338
1890,112.407302856
1894,95.2459106445
1895,103.391433716
1896,94.502166748
1897,113.589515686
1900,112.538467407
1901,94.2460784912
1902,112.436653137
1905,93.2755737305
1906,112.177513123
1912,104.329277039
1915,94.4492263794
1916,103.916351318
1917,94.809173584
1918,104.020019531
1920,79.0820236206
1923,94.9346542358
1924,108.163345337
1925,94.4915847778
1930,115.131599426
1932,112.351615906
1933,94.9641189575
1934,112.552749634
1935,94.1055297852
1940,79.067817688
1941,94.0865936279
1942,112.56300354
1943,94.7469863892
1944,93.17943573
1945,111.519020081
1948,115.448707581
1949,94.8294219971
1952,95.1814498901
1954,94.595451355
1955,112.287132263
1958,94.6681518555
1959,79.0434799194
1960,112.668899536
1963,95.0648651123
1965,95.2263870239
1968,104.195877075
1969,95.9201889038
1971,95.0225067139
1972,112.413360596
1973,93.8308944702
1975,93.8308944702
1977,95.3217010498
1978,95.3507156372
1979,112.658317566
1981,93.8308944702
1982,112.631446838
1987,112.515548706
1988,93.8308944702
1993,96.0893096924
1997,94.3360290527
1999,94.4865570068
2001,95.1053619385
2002,116.200904846
2003,94.0898361206
2004,79.7697219849
2006,112.658317566
2007,94.3252410889
2009,106.041885376
2010,94.2519454956
2013,96.2313842773
2018,79.1452941895
2022,104.644638062
2024,112.198028564
2025,95.3967208862
2026,104.472610474
2030,106.041885376
2031,94.8400344849
2032,104.329277039
2033,94.4271011353
2035,93.868270874
2036,112.622459412
2037,93.9129562378
2040,95.2459106445
2043,114.942260742
2044,106.07774353
2046,104.089584351
2054,114.479896545
2055,95.0313415527
2056,106.041885376
2059,94.4429092407
2060,94.2460784912
2062,94.1851654053
2063,113.573013306
2066,95.2459106445
2067,111.014518738
2072,94.1870040894
2073,112.550292969
2074,94.4167785645
2075,113.198181152
2076,93.8466415405
2080,94.3766479492
2082,94.2460784912
2085,112.048416138
2087,112.754310608
2091,112.676651001
2092,94.9426345825
2093,106.041885376
2098,96.316696167
2101,112.668899536
2102,93.2682495117
2103,79.067817688
2105,106.173736572
2106,94.4132156372
2107,113.422889709
2110,95.1811523438
2114,95.1762008667
2115,112.56300354
2117,82.7484970093
2118,93.9569168091
2119,103.821037292
2120,94.4853897095
2122,94.5807189941
2123,112.324562073
2126,94.9568557739
2127,104.034606934
2128,94.0478515625
2129,112.298675537
2132,95.8397140503
2135,104.718833923
2138,95.1452941895
2139,115.131599426
2141,112.189369202
2142,94.3295135498
2146,94.9915084839
2151,113.000419617
2157,104.354019165
2159,113.837913513
2162,94.4132156372
2164,115.448707581
2167,93.3002853394
2168,112.419876099
2171,93.7729568481
2173,95.1630554199
2174,104.413475037
2175,94.4342041016
2178,94.3537597656
2180,95.1053619385
2185,112.443153381
2189,93.5916976929
2190,111.014518738
2192,103.476165771
2194,115.91230011
2200,114.026199341
2201,94.0241851807
2203,112.383712769
2204,94.0241851807
2205,112.141334534
2209,112.813468933
2213,104.081863403
2214,94.0738830566
2215,113.345237732
2216,94.0241851807
2218,94.020942688
2219,104.046005249
2220,95.294670105
2222,93.2918395996
2223,112.717773438
2225,112.666702271
2226,95.3515167236
2230,94.6403503418
2233,110.939620972
2234,112.2162323
2235,94.0241851807
2236,79.1631164551
2237,94.4765777588
2240,116.266555786
2241,94.688873291
2248,104.216705322
2249,94.861541748
2250,112.334533691
2252,112.419876099
2253,94.4209747314
2254,112.490074158
2256,78.9802093506
2258,94.4776611328
2259,111.984718323
2262,95.2459106445
2265,94.3537597656
2266,104.479125977
2269,95.4151916504
2271,94.8688583374
2273,93.9117889404
2274,112.443153381
2275,94.0241851807
2277,94.0738830566
2279,94.0241851807
2280,79.0613021851
2282,95.1053619385
2283,103.498275757
2288,93.8308944702
2289,111.952194214
2291,94.4259338379
2292,115.389251709
2297,95.3603210449
2298,104.079475403
2299,95.0883407593
2300,112.651573181
2301,93.8243789673
2304,95.0313415527
2305,104.146537781
2306,95.2459106445
2308,93.8466415405
2309,113.118721008
2311,95.5068054199
2312,104.230926514
2316,103.815864563
2321,104.079475403
2322,112.550308228
2325,103.97580719
2326,93.9784927368
2329,115.389251709
2330,94.0738830566
2331,104.192047119
2332,111.080169678
2333,95.2459106445
2334,103.600105286
2335,109.10635376
2337,112.2162323
2338,94.3689422607
2340,111.080169678
2342,95.0598907471
2345,94.5812606812
2349,96.5977554321
2351,79.1207580566
2352,94.4853897095
2354,112.352783203
2355,117.794792175
2357,112.666702271
2358,94.3812561035
2360,95.2781295776
2361,112.352783203
2364,94.4700622559
2366,96.1722793579
2369,105.620628357
2370,95.1039047241
2371,110.939620972
2373,118.159545898
2374,95.4502639771
2376,112.552017212
2378,112.182289124
2382,94.8688583374
2383,94.455619812
2386,103.772163391
2387,95.6908493042
2389,93.1504669189
2390,111.523948669
2392,98.1378631592
2398,111.080169678
2399,94.4853897095
2400,94.1870040894
2401,112.570007324
2402,93.9883956909
2404,97.6864929199
2407,111.681297302
2408,112.364326477
2409,112.322990417
2412,82.9366378784
2413,95.6973648071
2415,94.5295181274
2420,119.93434906
2422,94.7512359619
2423,103.557731628
2426,94.7497177124
2432,93.9847640991
2434,94.6401748657
2435,93.2161178589
2436,112.51776886
2438,112.123794556
2440,112.4973526
2443,94.7808990479
2444,94.8294219971
2447,104.216705322
2450,95.3378753662
2454,94.4218826294
2455,112.783973694
2459,95.2459106445
2460,112.919822693
2463,94.7870941162
2465,94.6850738525
2468,79.067817688
2469,94.0898361206
2474,93.4643478394
2478,93.6067962646
2480,94.8294219971
2481,116.266555786
2489,95.1053619385
2490,106.041885376
2492,94.1055297852
2496,95.2459106445
2497,112.724784851
2500,94.5510406494
2505,95.2459106445
2507,93.7084732056
2508,112.141334534
2509,94.9410247803
2510,79.3547286987
2513,93.8308944702
2515,95.1053619385
2518,94.455619812
2519,113.839149475
2520,94.455619812
2521,112.611473083
2523,112.457435608
2525,94.9911727905
2529,112.141334534
2530,94.0898361206
2533,111.737251282
2535,94.3234939575
2538,103.961906433
2544,111.691482544
2553,112.38369751
2556,94.5295181274
2558,93.8308944702
2559,119.197685242
2560,94.1395339966
2561,112.509353638
2562,94.3479690552
2563,112.383712769
2564,94.6401748657
2565,110.939620972
2567,106.154457092
2572,94.5031661987
2575,94.4915847778
2576,112.552017212
2577,92.8691101074
2578,94.2726669312
2579,112.09828186
2580,93.0695724487
2582,112.915985107
2583,94.7936172485
2587,94.3360290527
2589,112.396957397
2590,95.4844360352
2591,112.141334534
2594,94.7130203247
2597,95.1039047241
2598,104.718833923
2599,95.3967208862
2600,103.557731628
2602,111.894081116
2603,94.5031661987
2604,105.9190979
2606,112.162765503
2607,79.2225723267
2608,94.1870040894
2613,112.141334534
2614,95.0443496704
2615,112.658317566
2617,112.717773438
2620,94.5162353516
2623,112.33846283
2624,95.1167449951
2627,112.141334534
2629,79.2225723267
2630,93.0101165771
2632,95.8561859131
2636,94.8896102905
2639,95.1009674072
2640,104.107948303
2642,112.141334534
2644,104.718833923
2646,112.316886902
2647,95.0301589966
2649,95.2406082153
2650,109.455055237
2652,104.38873291
2653,103.451835632
2655,110.158317566
2657,111.080169678
2659,112.351615906
2662,94.455619812
2663,116.266555786
2664,95.1524734497
2665,103.958572388
2670,96.9738082886
2671,103.914459229
2672,94.3143615723
2675,104.38873291
2677,112.333465576
2679,112.501213074
2683,112.746353149
2684,95.1167449951
2685,94.9911727905
2688,103.933433533
2689,95.4026947021
2690,104.208053589
2693,94.6393127441
2694,111.932945251
2697,100.559494019
2699,94.4853897095
2703,94.7130203247
2705,103.885986328
2709,79.3178863525
2710,94.8302078247
2711,112.722015381
2712,94.3208770752
2713,96.2449111938
2714,112.902565002
2715,93.8258972168
2717,93.8308944702
2718,111.890159607
2720,112.712097168
2721,95.1811523438
2726,94.5383300781
2728,94.0738830566
2731,103.670303345
2732,112.352783203
2734,94.3812561035
2736,104.329277039
2737,95.1039047241
2738,103.445335388
2739,113.978462219
2746,94.020942688
2749,103.540649414
2751,115.322998047
2752,104.112739563
2753,96.2627182007
2757,106.041885376
2758,94.4259338379
2759,112.479011536
2760,95.4033432007
2762,112.652122498
2764,94.809173584
2765,112.214660645
2769,112.849624634
2771,112.817634583
2774,94.9761962891
2776,95.0779342651
2777,111.823303223
2778,94.2460784912
2779,113.238273621
2782,93.4042358398
2784,94.4777832031
2787,94.1714401245
2789,95.1766052246
2792,95.1039047241
2798,96.0787963867
2799,104.653182983
2800,95.8177032471
2801,79.3547286987
2802,94.8083343506
2804,94.4765777588
2807,104.216705322
2808,95.4167861938
2809,126.444831848
2811,114.832046509
2812,94.4700622559
2814,93.8308944702
2816,95.2406082153
2817,113.154182434
2818,112.298675537
2820,112.533470154
2821,79.476348877
2822,94.5383300781
2823,104.260505676
2824,95.2406082153
2826,95.0443496704
2829,93.6731719971
2834,93.9883728027
2835,79.1387786865
2838,95.6368865967
2839,112.382446289
2840,93.2682495117
2841,112.298995972
2842,95.2459106445
2846,114.281654358
2848,95.2479248047
2849,93.868270874
2850,112.902565002
2851,94.4132156372
2853,93.9608078003
2854,112.141334534
2858,114.262809753
2861,96.1566925049
2864,94.1055297852
2865,116.266555786
2866,112.419876099
2867,93.0695724487
2868,112.611473083
2870,112.311546326
2877,95.3438873291
2878,112.141334534
2880,112.411468506
2882,78.9802093506
2883,95.645614624
2884,103.977661133
2885,93.9499435425
2887,95.1053619385
2888,112.744216919
2889,95.1397628784
2890,104.718833923
2891,95.44115448
2892,115.448707581
2893,94.7273025513
2898,113.015136719
2899,94.7598724365
2900,112.512580872
2901,94.4682998657
2909,95.3603210449
2910,112.349525452
2911,112.434158325
2913,112.559501648
2914,96.2370452881
2918,93.8556747437
2919,113.356880188
2920,94.3674240112
2921,112.141334534
2922,95.1620178223
2923,103.498275757
2925,111.681297302
2926,93.0695724487
2927,112.28188324
2929,112.377502441
2933,93.5897064209
2934,112.651039124
2936,111.737251282
2941,104.158706665
2942,94.8958587646
2943,112.443153381
2945,104.208053589
2950,93.7664108276
2951,112.413360596
2953,117.692222595
2954,95.2858428955
2955,103.867477417
2956,94.9939651489
2960,94.9345092773
2962,93.6791610718
2963,106.523513794
2964,104.38873291
2966,79.1207580566
2967,94.9849243164
2968,112.955680847
2969,93.8308944702
2971,94.4640426636
2972,95.3603210449
2974,94.7598724365
2975,112.843109131
2977,115.322998047
2980,112.538467407
2981,94.4798202515
2983,95.2054138184
2984,106.496658325
2985,115.389251709
2986,105.978553772
2987,95.3603210449
2989,94.0714416504
2990,112.371002197
2991,95.8210525513
2992,78.4949111938
2995,100.559494019
2996,103.653045654
3002,113.712882996
3004,112.651237488
3005,115.389251709
3006,94.4915847778
3010,95.645614624
3011,104.05305481
3014,93.0695724487
3015,94.5359954834
3016,94.3537597656
3017,111.79019165
3018,94.7709884644
3021,103.557731628
3024,104.718833923
3028,94.0865936279
3030,94.2460784912
3032,95.3282165527
3039,94.502166748
3040,105.027435303
3041,95.8545608521
3043,95.1012802124
3044,112.324562073
3046,112.109825134
3055,93.2472229004
3056,112.512580872
3058,93.9774398804
3059,111.978645325
3061,115.448707581
3063,104.055328369
3066,95.0020904541
3067,104.718833923
3068,79.0613021851
3069,95.1811523438
3072,114.832046509
3073,112.611473083
3074,95.2055664062
3077,93.7290802002
3082,95.4326095581
3084,100.559494019
3085,112.510253906
3088,104.718833923
3091,93.5654830933
3092,113.034507751
3093,95.5528030396
3094,103.670303345
3096,112.552749634
3097,94.6401748657
3098,78.9802093506
3102,114.574394226
3106,94.2268753052
3109,94.6535644531
3111,93.7614135742
3112,115.389251709
3113,95.3217010498
3115,94.1870040894
3116,112.724517822
3117,94.8163833618
3121,112.881393433
3122,94.249420166
3123,94.5510406494
3124,106.041885376
3125,94.3537597656
3126,103.433792114
3127,115.191055298
3129,94.3367843628
3130,112.558532715
3132,104.661834717
3134,105.594024658
3135,94.4296264648
3137,79.796546936
3138,95.4909515381
3140,96.3458328247
3144,112.31804657
3145,94.7602996826
3146,112.658317566
3147,95.3217010498
3148,104.873512268
3149,103.916351318
3150,112.610862732
3151,94.6535644531
3152,95.0020904541
3155,96.5974121094
3156,112.902565002
3159,93.8308944702
3161,95.2428970337
3162,103.969291687
3163,96.6683959961
3165,103.50479126
3172,94.5162353516
3173,114.748336792
3176,94.8994903564
3177,103.908966064
3179,112.843109131
3183,93.9207305908
3186,94.4865570068
3187,103.677879333
3189,112.266143799
3190,94.5218048096
3192,115.191055298
3193,94.5162353516
3194,112.456718445
3197,94.4132156372
3198,94.5295181274
3200,94.5809555054
3201,115.448707581
3202,94.5295181274
3204,95.2459106445
3205,94.2950286865
3206,112.472816467
3208,103.880493164
3210,103.498275757
3211,95.0020904541
3212,115.448707581
3213,94.4765777588
3214,112.668899536
3216,104.718833923
3219,93.8838348389
3220,112.906333923
3221,95.3217010498
3226,109.477310181
3227,95.4122543335
3228,113.158187866
3229,94.6254882812
3232,79.067817688
3233,94.809173584
3234,94.4342041016
3236,95.5468292236
3238,112.141334534
3239,112.754310608
3240,94.0310897827
3247,112.622459412
3249,103.961906433
3252,118.981285095
3253,95.3378753662
3254,104.259078979
3255,94.7512359619
3256,113.285881042
3257,94.5812606812
3262,95.0444488525
3263,104.38873291
3264,94.9939651489
3266,112.485527039
3267,95.4548339844
3269,94.7174987793
3272,115.389251709
3274,94.4132156372
3275,106.038421631
3277,95.2858428955
3279,95.3527984619
3280,104.113441467
3283,95.6724700928
3285,95.1053619385
3287,96.0437011719
3288,104.718833923
3290,106.40297699
3291,94.4765777588
3298,112.485527039
3299,94.4700622559
3302,112.872924805
3303,94.4657897949
3304,106.001914978
3307,94.0221099854
3309,97.0711212158
3314,79.0613021851
3316,113.02305603
3317,96.2247848511
3319,94.2798156738
3320,113.632469177
3321,94.4865570068
3322,104.271751404
3324,93.788520813
3326,93.6536407471
3329,112.109825134
3330,94.6401748657
3331,112.717773438
3335,115.448707581
3337,95.8575363159
3338,106.203231812
3339,95.1035995483
3340,112.345039368
3341,95.0552215576
3343,94.4577407837
3346,92.9742584229
3348,94.8004760742
3351,104.718833923
3352,115.389251709
3355,93.7714385986
3356,112.30934906
3358,106.437995911
3359,96.0607376099
3360,112.372505188
3371,112.896835327
3372,95.3811569214
3374,95.8456192017
3377,112.489768982
3378,92.8683624268
3380,104.020019531
3382,95.3073806763
3386,94.5295181274
3389,112.314170837
3391,104.421409607
3393,95.5438919067
3394,104.028747559
3395,94.809173584
3397,112.141334534
3398,94.4210586548
3399,79.2160720825
3400,94.9410247803
3404,104.020019531
3407,112.397918701
3409,104.148597717
3419,95.2858428955
3421,93.9490966797
3425,95.0020904541
3427,79.616897583
3428,115.389251709
3429,112.330757141
3431,94.0459213257
3435,94.0478515625
3436,112.843109131
3439,97.0847167969
3441,94.1767272949
3442,115.389251709
3443,95.0444488525
3444,103.600105286
3445,94.3626174927
3446,111.489532471
3449,94.2460784912
3453,94.0865936279
3457,95.5177688599
3460,104.718833923
3461,94.9189453125
3462,94.5359954834
3464,104.055328369
3465,79.0613021851
3466,94.9410247803
3467,103.902450562
3468,95.8933944702
3469,104.479125977
3470,103.617347717
3472,112.141334534
3473,94.5756912231
3475,93.6126174927
3476,112.479011536
3478,104.253990173
3479,95.3891220093
3483,94.4765777588
3484,104.026535034
3485,94.5908966064
3487,93.6655578613
3488,112.617378235
3496,112.400184631
3497,94.9189453125
3499,94.8688583374
3500,79.1631164551
3501,94.4915847778
3504,94.8534164429
3508,106.041885376
3511,94.4341812134
3512,114.704666138
3515,94.8294219971
3517,94.5031661987
3518,103.823692322
3526,112.649620056
3528,122.692802429
3529,94.2300720215
3530,112.787536621
3531,94.8294219971
3532,111.515785217
3533,94.5802536011
3534,95.3217010498
3535,79.0011062622
3536,93.9880218506
3537,112.485527039
3538,94.4765777588
3539,112.298675537
3540,104.853660583
3545,112.443153381
3546,93.8308944702
3550,104.208053589
3551,94.5295181274
3553,95.1035995483
3554,104.718833923
3557,94.4765777588
3558,112.717773438
3559,94.2460784912
3561,94.4765777588
3562,112.141334534
3563,94.3473968506
3564,104.718833923
3565,94.3626174927
3567,94.3899536133
3571,104.718833923
3572,95.2784194946
3574,95.8985595703
3576,94.5295181274
3577,112.302604675
3578,94.4915847778
3579,94.5295181274
3583,97.1143569946
3585,95.5655136108
3586,104.094024658
3587,112.377502441
3593,95.1857452393
3594,112.876670837
3595,94.502166748
3599,95.3378753662
3600,104.137924194
3601,112.141334534
3602,94.1249237061
3604,95.2263870239
3609,115.448707581
3610,113.477119446
3612,113.131134033
3614,115.323295593
3615,94.5295181274
3617,95.493347168
3618,112.717773438
3619,112.485527039
3620,112.344978333
3621,94.4700622559
3625,94.994140625
3626,103.467407227
3630,103.355010986
3631,95.4921569824
3632,106.431434631
3633,94.9939651489
3634,112.658317566
3637,94.2341995239
3639,94.7532272339
3640,113.424201965
3641,94.3365859985
3644,112.30934906
3645,94.5295181274
3646,94.5466918945
3647,93.3431930542
3648,112.141334534
3653,112.552017212
3654,94.0658493042
3655,113.573013306
3659,103.377120972
3660,95.3952789307
3662,112.388641357
3666,93.5444030762
3668,96.0471496582
3671,94.459564209
3673,94.4213562012
3674,112.921104431
3675,94.5466918945
3681,93.8548660278
3682,112.552017212
3686,112.668899536
3687,93.9099349976
3692,79.6307296753
3695,112.717773438
3696,94.6922531128
3699,112.560546875
3705,115.273002625
3707,78.9466629028
3708,94.7497177124
3709,113.292938232
3710,94.4765777588
3712,94.9426345825
3715,112.552017212
3716,94.4342041016
3720,112.642341614
3722,78.9466629028
3726,94.9410247803
3728,94.4660797119
3729,112.843719482
3731,103.324180603
3735,113.3671875
3736,96.9692764282
3739,103.383636475
3741,112.443153381
3743,103.759338379
3744,94.4915847778
3745,112.611473083
3746,94.9266891479
3751,94.4006500244
3753,94.9062347412
3760,112.334533691
3761,94.5466918945
3762,112.109825134
3763,94.7082672119
3765,94.5043334961
3768,112.552017212
3769,94.4700622559
3770,104.391067505
3773,112.509658813
3774,94.9939651489
3776,95.2054138184
3778,94.3282546997
3779,112.487098694
3780,93.9626541138
3781,112.377502441
3782,95.2303848267
3783,112.28188324
3784,95.0883407593
3786,94.9410247803
3789,112.60974884
3790,94.5174942017
3793,113.393043518
3795,112.411468506
3797,95.2054138184
3798,115.389251709
3800,112.843109131
3804,94.9939651489
3810,95.5528030396
3815,112.558532715
3816,94.9939651489
3818,104.071350098
3824,112.141334534
3828,104.157966614
3830,112.344978333
3831,94.9569015503
3832,79.1014175415
3834,112.611473083
3835,94.4663162231
3836,112.754310608
3838,95.1053619385
3839,115.448707581
3840,113.537155151
3845,94.36378479
3846,112.351615906
3847,94.5031661987
3849,78.9996032715
3853,112.556503296
3855,105.920730591
3856,94.9915084839
3864,78.9014282227
3865,94.9410247803
3866,113.537155151
3867,94.5918655396
3868,112.843109131
3869,95.3372650146
3871,93.4490890503
3875,104.098876953
3876,94.6143341064
3878,94.5295181274
3879,112.31804657
3881,112.843109131
3883,112.512580872
3884,97.5653381348
3886,112.436653137
3890,98.2618408203
3893,113.958206177
3897,106.175498962
3901,94.262298584
3902,112.668899536
3913,112.547019958
3914,94.2462692261
3916,94.5548782349
3917,112.552017212
3924,105.993125916
3925,95.1695556641
3928,96.4227142334
3929,112.617378235
3932,94.5901489258
3933,104.597679138
3934,78.9817657471
3935,93.984375
3936,94.2726669312
3937,112.351615906
3938,94.2023391724
3939,112.754310608
3943,93.2837371826
3944,112.141334534
3945,112.499076843
3946,94.4910430908
3947,112.717773438
3948,94.7684555054
3949,112.141334534
3950,95.8177032471
3951,112.459640503
3952,94.4148406982
3953,112.605865479
3961,116.488021851
3962,94.7082672119
3966,95.1811523438
3967,103.671730042
3968,95.5528030396
3969,114.068878174
3970,94.8688583374
3971,105.920730591
3973,96.6342468262
3974,112.28188324
3975,112.717773438
3977,94.9387359619
3979,113.179725647
3985,95.2493057251
3986,104.19229126
3988,112.754310608
3991,95.1039047241
3992,104.262657166
3993,95.2954483032
3994,94.0658493042
3995,112.344978333
4005,113.015136719
4007,94.5295181274
4008,103.618789673
4009,95.5528030396
4010,114.459014893
4011,79.0770797729
4012,94.37474823
4013,105.993125916
4015,113.24382782
4016,112.412376404
4018,112.843109131
4025,94.4132156372
4026,112.902565002
4028,112.538467407
4029,94.9939651489
4031,94.8253479004
4032,112.499076843
4033,94.7624359131
4034,103.958320618
4037,94.4614257812
4038,103.54914856
4039,93.9883956909
4041,95.3967208862
4042,112.417266846
4043,95.0648651123
4044,104.597679138
4045,93.9190368652
4046,112.436653137
4047,95.5088882446
4048,105.818916321
4049,95.4844360352
4051,94.99559021
4052,112.28188324
4058,104.597679138
4062,112.443153381
4064,112.369110107
4067,94.5295181274
4068,78.9401473999
4070,94.6995697021
4072,115.448707581
4074,112.243148804
4075,94.837852478
4076,113.46496582
4077,93.9686813354
4078,112.902565002
4080,104.597679138
4082,112.259933472
4085,94.5031661987
4086,113.547996521
4088,112.902565002
4089,95.3811569214
4092,78.9401473999
4094,94.5918655396
4095,112.658317566
4096,94.4614257812
4097,103.759338379
4102,94.8395767212
4105,112.241424561
4107,112.563316345
4111,95.4225540161
4112,103.932128906
4113,94.8004760742
4114,116.672142029
4115,94.0658493042
4116,112.783973694
4117,94.0478515625
4118,95.3372650146
4119,112.39515686
4120,94.6401138306
4122,79.786239624
4125,94.2462692261
4126,112.717773438
4129,112.552017212
4134,112.66532135
4137,94.5566329956
4141,104.16431427
4142,95.3287124634
4144,95.1053619385
4145,105.993125916
4146,96.2461013794
4150,94.4171218872
4151,79.6962890625
4154,94.5295181274
4156,94.701461792
4157,113.061653137
4159,112.412376404
4160,94.6061477661
4161,112.487098694
4168,94.5510406494
4171,104.19229126
4172,105.774009705
4173,94.9939651489
4175,93.4492034912
4176,104.597679138
4177,95.1053619385
4178,103.807281494
4179,95.3811569214
4181,112.610862732
4183,94.9939651489
4184,112.552017212
4185,94.1738739014
4186,112.529769897
4188,119.266525269
4190,112.377197266
4192,94.2389373779
4193,113.958206177
4194,112.28188324
4195,95.4782409668
4196,79.1014175415
4202,94.9939651489
4203,104.044525146
4208,94.9345092773
4209,113.296646118
4210,94.5918655396
4211,112.109825134
4212,115.389251709
4214,104.132835388
4215,95.3217010498
4216,112.612213135
4217,94.7082672119
4219,94.8815689087
4222,112.351615906
4224,79.1014175415
4231,103.992286682
4232,94.9939651489
4234,94.4458236694
4236,95.1053619385
4237,104.597679138
4240,95.3282165527
4242,106.316047668
4243,94.9410247803
4247,94.2462692261
4248,112.790168762
4249,94.5918655396
4254,103.4789505
4263,95.3811569214
4265,112.717773438
4267,111.273109436
4268,112.485527039
4271,112.790168762
4272,94.5295181274
4273,112.377502441
4274,93.8562850952
4276,94.8465499878
4278,94.3537597656
4280,95.645614624
4281,112.558532715
4283,94.1985397339
4284,112.56300354
4285,95.4122543335
4286,112.302604675
4287,94.1189727783
4288,113.531219482
4289,94.4159622192
4290,83.9900817871
4293,94.3282546997
4296,112.122833252
4297,94.4663162231
4299,94.1249237061
4303,114.589073181
4310,95.294670105
4312,104.132835388
4318,104.597679138
4320,112.372505188
4322,93.9684906006
4323,119.421958923
4325,104.132835388
4326,112.552017212
4328,104.255493164
4330,104.132835388
4332,112.485527039
4333,95.1539916992
4335,95.1243057251
4336,111.4945755
4338,106.052581787
4341,95.0444488525
4342,104.323478699
4344,104.597679138
4347,95.3483886719
4348,104.597679138
4351,109.709602356
4352,94.4700622559
4353,112.955680847
4355,103.531890869
4356,94.5031661987
4359,103.791351318
4360,95.2054138184
4361,94.679069519
4364,95.0313415527
4365,104.155006409
4368,94.3639755249
4372,94.4271011353
4374,93.7047424316
4376,94.9410247803
4377,104.068183899
4380,94.5510406494
4383,106.330299377
4384,94.3537597656
4385,103.338256836
4389,93.6750640869
4391,94.5295181274
4392,112.296104431
4393,94.0208129883
4395,93.300819397
4396,112.141334534
4398,113.167579651
4399,103.546463013
4401,93.7918014526
4406,96.1730041504
4408,104.132835388
4412,104.597679138
4415,95.0020904541
4418,112.591583252
4419,93.7047424316
4420,78.9401473999
4422,112.141334534
4423,93.7047424316
4425,95.2934646606
4428,112.849624634
4431,113.248176575
4434,93.984375
4436,94.4700622559
4437,112.390213013
4439,115.448707581
4440,94.2633514404
4441,112.728515625
4444,95.4122543335
4445,104.132835388
4446,95.3811569214
4447,112.512756348
4452,103.752822876
4456,112.849624634
4457,94.3626174927
4458,112.47038269
4460,94.5031661987
4461,115.448707581
4462,94.4006500244
4465,103.436576843
4466,103.989654541
4468,95.5503005981
4469,103.848136902
4472,112.670318604
4475,94.8338394165
4478,93.7494277954
4479,113.537155151
4480,95.6583175659
4483,78.9752655029
4484,94.0865936279
4485,104.19229126
4486,94.8688583374
4488,94.37474823
4489,104.02016449
4490,94.5510406494
4491,110.102020264
4492,95.2784194946
4493,109.754547119
4494,94.0478515625
4495,103.484664917
4498,79.6753921509
4499,95.3472518921
4500,103.755493164
4503,112.490074158
4505,103.436576843
4506,94.8742523193
4507,94.9630508423
4508,104.597679138
4510,112.552017212
4511,93.7097396851
4513,94.9345092773
4516,78.8590545654
4519,94.4663162231
4521,95.3746414185
4531,94.3586654663
4532,78.9401473999
4533,95.3438873291
4534,114.461715698
4536,104.597679138
4537,94.3626174927
4539,95.0713806152
4542,103.436576843
4545,94.3282546997
4549,94.5190200806
4551,94.4765777588
4554,104.070892334
4556,112.319084167
4559,113.318145752
4561,112.668876648
4562,112.280525208
4566,114.435325623
4569,94.4765777588
4570,112.141334534
4573,95.3217010498
4574,103.531890869
4575,95.0020904541
4577,94.8400344849
4578,112.351615906
4580,112.658317566
4582,93.984375
4583,112.141334534
4585,94.4492263794
4587,104.597679138
4595,94.5677185059
4596,112.666702271
4601,94.4631271362
4602,112.470924377
4603,94.4915847778
4605,112.722320557
4606,94.8130111694
4607,112.723739624
4608,94.080078125
4610,96.4227142334
4613,103.812278748
4617,94.8498382568
4618,112.287132263
4619,94.2389373779
4620,95.4122543335
4622,104.81565094
4625,94.5031661987
4626,104.597679138
4627,94.5510406494
4629,93.6452865601
4631,94.1738739014
4633,104.597679138
4634,118.901535034
4635,94.0391540527
4639,94.4342041016
4640,103.746322632
4642,103.817771912
4644,112.552749634
4646,104.597679138
4647,94.9351196289
4648,79.0264282227
4649,94.4765777588
4650,113.454872131
4655,94.5190200806
4660,94.9911727905
4661,112.924720764
4662,93.1283111572
4663,113.226448059
4665,94.481086731
4666,112.485527039
4667,103.817771912
4668,94.8815689087
4670,94.4148406982
4671,111.681297302
4672,95.5438919067
4673,103.958320618
4675,103.905380249
4676,94.3252868652
4677,112.456695557
4680,95.7050704956
4682,95.1811523438
4683,112.436653137
4685,104.597679138
4686,95.3396911621
4688,112.28188324
4690,111.966316223
4692,112.412376404
4693,94.4742965698
4697,94.5190200806
4700,112.367958069
4702,112.421073914
4707,115.448707581
4708,94.5031661987
4710,79.4694595337
4716,102.17490387
4717,95.645614624
4718,94.0478515625
4720,95.7861633301
4721,79.7503814697
4723,95.1150054932
4726,112.558532715
4727,93.6502838135
4729,94.1797027588
4731,94.3586654663
4732,112.436653137
4735,95.1009674072
4736,104.132835388
4737,94.4915847778
4738,112.302604675
4739,112.417266846
4744,104.19229126
4747,94.0268249512
4749,113.210083008
4750,94.5031661987
4752,112.141334534
4755,95.5528030396
4756,103.618789673
4757,112.611473083
4758,94.809173584
4759,103.652626038
4763,95.645614624
4764,104.023155212
4765,94.6994857788
4766,94.3950805664
4767,113.583595276
4769,112.622459412
4770,95.3114547729
4771,79.4250717163
4772,104.597679138
4774,112.28188324
4776,116.280342102
4777,112.511573792
4778,95.2858428955
4780,94.4655990601
4784,94.2601013184
4786,94.4296264648
4787,78.9401473999
4788,95.714012146
4789,112.141334534
4791,104.109771729
4792,94.8920135498
4795,112.787536621
4796,94.3428878784
4803,92.883934021
4805,95.7861633301
4807,94.8082504272
4809,94.4148406982
4816,94.4171218872
4817,80.0852508545
4818,93.6452560425
4820,93.9883956909
4821,103.4789505
4823,112.611473083
4824,94.99559021
4825,113.59009552
4829,103.266197205
4830,94.9939651489
4831,112.902801514
4833,104.323478699
4836,94.2462692261
4837,112.28188324
4838,93.7471160889
4840,95.1484680176
4841,78.8590545654
4842,92.68775177
4843,112.388641357
4844,94.2158584595
4849,109.965507507
4851,106.033302307
4852,95.0088729858
4858,93.8000564575
4860,94.9939651489
4863,112.668876648
4864,95.2755966187
4865,112.302604675
4867,112.955680847
4868,94.9231948853
4869,112.538467407
4873,93.7047424316
4875,95.8870162964
4876,112.552749634
4877,94.1688766479
4878,112.352783203
4880,78.9401473999
4886,112.717773438
4888,104.19229126
4889,94.8815689087
4890,113.4324646
4893,95.2119293213
4895,95.5872879028
4896,104.211448669
4899,94.4513168335
4901,95.0415115356
4902,112.557922363
4903,93.9686813354
4904,112.141334534
4910,94.3428878784
4912,94.1578445435
4915,95.5589981079
4916,103.991584778
4917,95.4225540161
4920,104.597679138
4927,103.958320618
4928,94.0865936279
4931,103.958320618
4934,94.3706283569
4936,94.8784637451
4939,114.589073181
4942,112.709281921
4943,94.9939651489
4944,103.602355957
4945,94.6932907104
4947,112.352783203
4948,94.0572052002
4951,95.3217010498
4952,112.141334534
4953,94.3565063477
4956,93.9686813354
4957,114.869255066
4958,94.8260498047
4960,94.9718856812
4968,94.5162506104
4969,104.367889404
4971,103.552833557
4973,112.28188324
4975,112.449897766
4976,94.4765777588
4978,94.4148406982
4979,112.397979736
4982,94.4006500244
4983,112.044174194
4984,96.7784118652
4985,115.448707581
4986,94.3950805664
4987,116.488021851
4988,95.4122543335
4994,94.9477920532
4995,94.8534164429
5002,78.9996032715
5004,94.7808990479
5005,103.334762573
5006,95.1053619385
5007,103.4789505
5009,112.550292969
5011,112.28188324
5014,95.1452941895
5015,103.991584778
5018,94.3428878784
5019,112.787536621
5020,94.2300796509
5021,112.044174194
5022,94.9724960327
5023,95.2044677734
5025,94.9939651489
5032,95.1042251587
5034,94.3428878784
5036,94.364112854
5038,94.5014572144
5039,114.770317078
5046,95.8456192017
5049,112.787536621
5051,94.4259338379
5052,92.9484176636
5053,112.28188324
5054,94.9939651489
5055,94.4853897095
5057,94.3626174927
5059,94.5766296387
5062,96.0405654907
5063,113.632469177
5065,114.646492004
5069,94.4220733643
5071,94.9345092773
5074,113.737998962
5075,92.9484176636
5076,115.580589294
5077,78.9401473999
5079,103.991584778
5080,95.2352142334
5081,112.28188324
5083,103.671730042
5088,104.357971191
5089,95.0509643555
5093,111.984718323
5094,103.913452148
5095,95.0509643555
5099,112.069717407
5101,112.377502441
5103,103.355010986
5104,94.685585022
5105,112.097114563
5107,94.5190200806
5108,113.061653137
5109,95.9582290649
5111,94.1217498779
5112,112.352783203
5113,95.1380844116
5114,112.156745911
5115,94.6061477661
5118,95.0868225098
5122,94.9939651489
5123,78.9608688354
5125,94.8907928467
5127,103.794685364
5128,94.9360275269
5129,114.772590637
5132,95.1053619385
5134,112.547019958
5135,95.2406082153
5137,113.426269531
5142,93.9614868164
5143,103.924850464
5144,95.0166168213
5148,94.2808074951
5149,94.8128128052
5150,105.993125916
5154,78.9401473999
5155,95.3179702759
5159,94.1059417725
5164,94.7214431763
5165,113.13735199
5166,94.2687988281
5167,112.790779114
5169,93.9387130737
5171,94.1284637451
5172,112.552017212
5176,94.9744567871
5184,111.788230896
5185,95.0395812988
5186,112.412200928
5188,105.912033081
5189,112.552749634
5190,97.4635238647
5191,113.13735199
5193,112.552017212
5196,94.4853897095
5199,78.9158096313
5200,104.19229126
5203,93.7471160889
5204,112.668899536
5205,97.2806396484
5207,94.7385253906
5208,109.562965393
5212,95.0571594238
5214,94.1445922852
5218,94.1089172363
5220,93.9684906006
5222,93.7097396851
5224,96.2533721924
5225,104.597679138
5227,108.725326538
5229,104.158332825
5232,93.7097396851
5233,115.448707581
5234,103.781295776
5237,112.141334534
5239,113.500747681
5240,94.3039398193
5241,112.787536621
5244,94.4235687256
5248,112.360420227
5251,93.6673660278
5253,94.5031661987
5255,94.9426345825
5256,104.109771729
5257,94.9130401611
5259,96.1722793579
5260,112.318061829
5266,94.5295181274
5268,93.8385467529
5275,112.28188324
5276,112.677085876
5277,95.352355957
5279,95.0020904541
5280,104.098876953
5281,94.809173584
5283,96.2993087769
5284,78.9466629028
5285,94.8534164429
5286,103.924850464
5287,94.1447219849
5289,94.10572052
5290,112.552017212
5292,104.038909912
5293,95.2352142334
5294,103.618789673
5297,94.7082672119
5299,103.849105835
5302,94.497177124
5305,78.8204956055
5306,94.9426345825
5308,93.9784927368
5309,95.0550460815
5310,112.658088684
5312,112.377502441
5316,112.652122498
5317,95.2630615234
5319,78.9014129639
5320,94.9939651489
5323,94.6193237305
5329,112.955680847
5331,112.417266846
5334,113.324455261
5336,112.552017212
5338,104.158332825
5341,94.9641189575
5345,95.1035995483
5348,94.0435180664
5349,112.437133789
5355,106.267272949
5356,94.3889694214
5360,104.648513794
5362,112.828361511
5364,112.55292511
5366,106.267272949
5367,95.3737411499
5368,94.7743835449
5370,95.7571716309
5371,78.9401473999
5373,103.907592773
5375,112.141334534
5376,93.8876037598
5378,112.55292511
5379,96.210144043
5383,94.6403503418
5384,103.517608643
5389,113.507362366
5391,78.9996032715
5393,112.390213013
5395,113.573013306
5397,112.330757141
5398,94.4765777588
5399,113.624206543
5401,115.448707581
5402,93.4490890503
5403,112.622459412
5404,94.0658493042
5407,79.1014175415
5408,94.5606002808
5413,112.006652832
5414,94.8465499878
5417,94.5613937378
5418,104.038909912
5420,112.434455872
5421,94.4234924316
5424,94.6403503418
5425,112.668899536
5426,97.5877761841
5429,112.843719482
5431,94.9850082397
5437,103.459640503
5440,93.7849502563
5444,104.132835388
5446,103.991584778
5447,94.5295181274
5451,94.2205657959
5452,106.298324585
5455,103.781295776
5456,94.9280014038
5458,94.087890625
5459,112.765640259
5460,95.2054138184
5462,94.6915283203
5463,112.206993103
5464,94.3428878784
5465,112.540672302
5466,94.9345092773
5467,103.958320618
5468,95.728767395
5469,113.226448059
5472,94.8994903564
5474,94.173500061
5475,115.227172852
5476,94.8534164429
5479,104.158332825
5480,112.28188324
5482,112.610862732
5485,94.4239425659
5486,115.389251709
5488,79.1014175415
5495,104.158332825
5496,96.210144043
5497,112.540672302
5499,112.600128174
5503,94.1812057495
5504,94.7385253906
5507,94.9939651489
5509,94.2037734985
5511,94.6000518799
5512,112.472816467
5516,112.141334534
5517,95.645614624
5518,104.015266418
5521,95.1973266602
5522,104.158332825
5527,94.9345092773
5528,95.0883407593
5529,112.552749634
5532,96.5553588867
5533,112.104972839
5535,104.042610168
5536,104.091812134
5540,94.4904327393
5547,94.0478515625
5548,112.787536621
5550,78.8590545654
5551,94.2270812988
5554,112.622459412
5555,95.1749572754
5559,112.728515625
5560,94.3462982178
5561,112.485527039
5562,93.8231201172
5563,112.575004578
5565,79.0176239014
5566,94.4765777588
5567,103.958320618
5568,94.7497177124
5572,94.6915283203
5574,95.0648651123
5576,95.0142364502
5579,112.51776886
5580,79.0241394043
5581,94.6491546631
5583,94.99559021
5584,112.717773438
5586,112.538467407
5587,94.9340667725
5589,103.524124146
5591,103.459640503
5592,94.3447265625
5593,113.36315155
5594,95.4413528442
5595,78.9365310669
5596,112.28188324
5597,112.529769897
5598,115.191055298
5599,94.6932907104
5602,112.485527039
5603,95.4413528442
5605,94.2270812988
5607,94.5918655396
5608,112.883285522
5609,93.4443283081
5610,94.0658493042
5612,94.1676254272
5613,112.552749634
5614,94.4655990601
5616,94.7385253906
5621,94.9410247803
5623,94.9784011841
5628,116.488021851
5629,94.9280014038
5631,95.5919036865
5633,95.0020904541
5638,103.934173584
5639,95.0571594238
5640,106.033302307
5645,94.1560821533
5646,78.7995986938
5649,94.1601791382
5653,112.557754517
5655,113.13735199
5656,95.0313415527
5658,95.1378707886
5662,115.389251709
5663,93.9031677246
5667,94.5252151489
5670,94.6932907104
5671,103.459640503
5672,95.0571594238
5673,103.548439026
5674,94.8465499878
5675,103.67237854
5676,95.2459106445
5679,112.28188324
5683,112.504814148
5687,95.4413528442
5688,78.9401473999
5690,94.2910385132
5691,112.479011536
5692,94.7018814087
5693,111.792266846
5694,94.6270446777
5697,112.658317566
5698,94.2597122192
5699,112.28188324
5704,93.9883956909
5707,112.28188324
5709,104.170845032
5710,95.1554412842
5714,94.5569992065
5718,95.1235275269
5721,95.1554412842
5723,94.596534729
5724,114.923469543
5725,94.7801437378
5726,113.277046204
5729,95.270942688
5730,104.292243958
5731,94.1248245239
5733,79.2765808105
5736,94.7535552979
5741,104.527297974
5745,113.06451416
5747,95.2889022827
5748,104.431983948
5750,113.909446716
5751,95.3556976318
5752,95.2049789429
5754,94.747253418
5755,95.7555618286
5757,95.0444564819
5758,115.907653809
5760,104.717330933
5762,104.192550659
5766,112.733139038
5768,95.5786209106
5769,116.033363342
5770,94.9594039917
5771,112.962158203
5772,95.2749938965
5773,111.982872009
5774,94.5631484985
5776,94.7131195068
5777,112.866539001
5778,93.9885101318
5780,115.354972839
5782,94.8646774292
5783,79.0113525391
5784,95.5786209106
5786,96.4986724854
5788,96.1807785034
5789,113.540336609
5790,95.2779464722
5791,104.742988586
5793,106.558502197
5794,94.4325027466
5796,116.033363342
5797,95.2312011719
5801,94.4225997925
5803,96.026008606
5804,113.074729919
5805,94.752281189
5806,79.5248031616
5808,113.372192383
5813,94.5730514526
5815,95.5605621338
5816,105.262886047
5822,95.6397018433
5823,112.866539001
5825,104.430580139
5827,113.434280396
5829,104.044296265
5830,95.4312057495
5831,113.285812378
5832,94.5845336914
5833,112.831520081
5837,115.755455017
5838,94.6794967651
5839,96.6688308716
5842,105.998794556
5844,112.434196472
5845,103.457969666
5846,115.110733032
5848,79.1240310669
5850,112.934577942
5851,94.4250640869
5853,95.1968841553
5854,104.098327637
5858,105.998794556
5860,113.581138611
5864,103.94165802
5866,96.2879714966
5867,111.939888
5868,93.3207244873
5869,112.143531799
5870,94.4474487305
5871,112.560569763
5874,112.79535675
5876,112.301429749
5877,93.6671676636
5878,93.998550415
5879,112.445541382
5880,93.5268707275
5884,94.0211181641
5886,112.326904297
5890,103.050125122
5896,94.2290802002
5897,103.074783325
5898,94.6677017212
5901,103.762290955
5903,111.796684265
5906,93.6610946655
5908,111.796684265
5909,93.951751709
5910,112.067550659
5911,93.6621322632
5912,112.067726135
5914,112.652153015
5919,111.796684265
5924,94.2013931274
5926,94.4927444458
5929,103.451927185
5930,94.5344924927
5932,95.4598999023
5933,112.092025757
5934,93.3787307739
5935,111.752479553
5936,92.7031860352
5937,112.524757385
5938,94.5133132935
5939,110.826622009
5942,111.980117798
5943,94.5732269287
5944,105.482215881
5946,111.656135559
5951,94.1731338501
5953,103.122695923
5954,93.4596481323
5957,103.451576233
5961,94.1772537231
5962,105.42943573
5964,79.2111816406
5965,95.2169189453
5968,112.652153015
5969,94.0478820801
5974,93.4586105347
5975,112.389389038
5978,78.4542999268
5981,103.451576233
5982,94.8610458374
5983,111.955154419
5989,111.641639709
5991,94.3497161865
5992,103.624572754
5995,94.7361221313
5996,103.074783325
5997,111.765113831
5998,94.3017654419
5999,78.7971191406
6001,111.955131531
6002,93.8670578003
6003,111.900001526
6004,93.4596481323
6006,112.067726135
6007,94.2178268433
6011,103.054512024
6012,103.362937927
6014,93.4596481323
6015,103.257705688
6016,94.1786117554
6017,112.911407471
6018,94.4652175903
6024,94.638671875
6025,103.630393982
6026,114.406311035
6028,111.905509949
6029,78.6966629028
6030,94.3919143677
6036,112.652153015
6040,93.6388778687
6041,111.994842529
6042,94.2478027344
6044,93.8460006714
6045,103.67313385
6047,103.67313385
6048,94.1630325317
6049,111.904129028
6051,115.06414032
6052,113.084213257
6053,93.2569961548
6054,112.13217926
6058,106.058807373
6059,94.1630325317
6062,94.4652175903
6063,115.321792603
6064,103.077056885
6065,93.6388778687
6067,93.7992019653
6068,111.988327026
6070,103.187179565
6071,102.627006531
6072,112.183700562
6080,112.183700562
6081,94.3178024292
6084,105.42943573
6087,94.7827072144
6089,103.209213257
6092,112.183700562
6094,93.7512741089
6095,111.796684265
6097,115.146087646
6100,94.3159561157
6104,103.470588684
6105,93.6983337402
6106,111.808815002
6107,78.6203994751
6108,93.7477798462
6109,112.183700562
6110,93.793006897
6114,112.183700562
6116,93.7328948975
6117,103.76512146
6118,94.5361175537
6123,78.5948486328
6125,111.796684265
6128,113.97177887
6130,103.192428589
6132,112.492843628
6137,78.4542999268
6139,112.232574463
6140,93.4586105347
6141,115.146087646
6142,103.826133728
6144,111.477706909
6145,94.2652130127
6146,93.9884262085
6149,93.1060714722
6156,94.2085113525
6159,114.406311035
6160,93.4586105347
6162,103.254081726
6164,112.285514832
6165,93.3294372559
6168,78.4542999268
6169,112.302337646
6170,93.8195266724
6171,113.688186646
6172,92.2994918823
6173,117.349601746
6176,94.4652175903
6177,92.3165740967
6178,94.4343032837
6180,94.0718307495
6181,103.613677979
6182,95.614654541
6185,93.8159790039
6186,111.940872192
6188,111.67326355
6189,93.7704620361
6192,105.42943573
6193,94.3707427979
6194,103.67313385
6195,94.2977828979
6196,114.447479248
6197,93.6338500977
6201,111.940872192
6202,93.4586105347
6203,112.398086548
6204,93.6983337402
6207,115.321792603
6209,93.7934112549
6210,93.2635421753
6211,112.524757385
6213,112.000328064
6216,92.2994918823
6217,94.1400527954
6219,93.6388778687
6222,78.6372070312
6223,95.4430084229
6235,94.4652175903
6240,93.8883743286
6242,94.2293548584
6247,94.3178024292
6251,112.011070251
6254,112.139480591
6255,94.4652175903
6260,102.979469299
6261,93.4596481323
6262,105.830848694
6264,111.859779358
6269,103.470588684
6271,105.644126892
6275,111.948616028
6276,93.8528671265
6278,95.6813964844
6279,112.302337646
6281,112.72555542
6284,93.3611831665
6286,94.3788757324
6287,78.6966629028
6288,94.6524047852
6292,94.2630157471
6293,93.6983337402
6295,94.3233108521
6298,112.067726135
6300,111.955131531
6304,103.613677979
6308,111.927177429
6310,95.0028915405
6312,112.183700562
6320,93.3190994263
6324,93.0413665771
6325,112.173118591
6330,93.9008789062
6336,111.765113831
6340,105.531555176
6341,94.4652175903
6342,103.370101929
6344,94.507598877
6345,111.988327026
6347,112.302337646
6348,93.9989089966
6349,112.067726135
6351,78.5353927612
6353,111.950759888
6354,93.5234298706
6357,95.094039917
6358,103.514945984
6360,103.29322052
6363,115.416038513
6364,93.1465759277
6368,114.129592896
6370,93.6921539307
6371,93.3442001343
6377,96.0006866455
6379,94.1428985596
6381,93.6550140381
6382,78.662940979
6383,112.127433777
6388,111.723609924
6390,111.776550293
6392,102.799537659
6393,94.1428985596
6395,94.1779174805
6398,102.91696167
6401,78.662940979
6402,93.7502670288
6403,111.89264679
6405,93.2392196655
6406,93.0871200562
6407,111.621780396
6409,103.49822998
6411,92.9786987305
6413,94.7765884399
6416,105.645362854
6417,93.6875991821
6418,93.5991897583
6419,115.342147827
6420,111.376495361
6426,111.174285889
6429,93.8070449829
6430,93.5276184082
6431,111.424430847
6432,93.1502914429
6434,95.6809692383
6437,112.009033203
6438,94.024848938
6439,102.63394165
6440,94.4685440063
6441,93.194519043
6442,111.54058075
6443,94.5741729736
6445,93.840057373
6448,111.153564453
6450,111.460266113
6453,94.5784378052
6455,93.8610305786
6457,92.8154907227
6458,111.336997986
6461,93.5196609497
6464,111.292266846
6467,93.5341339111
6469,93.7626419067
6470,78.138168335
6471,92.8154907227
6473,102.493392944
6474,93.5870742798
6479,93.5196609497
6481,93.8307418823
6484,111.248878479
6495,93.5604324341
6496,111.82019043
6505,111.269363403
6506,93.770362854
6508,93.601272583
6509,93.7971572876
6510,103.06502533
6512,102.564361572
6513,92.595703125
6514,112.247497559
6515,93.4385910034
6519,94.1439743042
6521,93.0838851929
6523,78.0100860596
6525,104.861503601
6526,93.3944015503
6528,93.770362854
6529,112.198852539
6531,102.760765076
6533,104.682769775
6534,93.3662490845
6535,110.930747986
6536,93.5226516724
6537,111.712608337
6540,93.6416854858
6541,111.576950073
6547,94.676902771
6548,111.615188599
6551,111.136383057
6553,111.288909912
6555,104.682769775
6556,93.601272583
6561,78.1506347656
6564,93.3840942383
6565,110.930747986
6568,93.7965240479
6569,111.458312988
6573,102.668952942
6574,93.2988357544
6577,111.189323425
6579,115.243659973
6581,93.3012161255
6582,111.342163086
6585,105.720092773
6586,95.0300216675
6589,102.798995972
6590,78.2524490356
6593,94.3123626709
6594,111.27331543
6595,92.4822769165
6599,92.6513442993
6600,92.9656524658
6601,113.419013977
6602,92.5748138428
6603,111.071296692
6604,92.955581665
6607,102.726455688
6608,103.412162781
6609,93.1325378418
6611,93.3529586792
6613,111.458312988
6614,92.9514007568
6616,92.9708557129
6617,111.458312988
6618,92.595703125
6619,102.232803345
6621,104.682769775
6627,102.642967224
6629,111.285682678
6631,78.1506347656
6634,93.6868896484
6636,92.595703125
6638,93.7965240479
6639,111.458312988
6641,111.071296692
6642,94.0221633911
6651,114.306465149
6654,78.3910064697
6657,94.1411437988
6663,92.5103607178
6665,111.260604858
6666,93.5117950439
6668,92.595703125
6669,104.682769775
6670,93.6731033325
6671,93.8303985596
6673,94.0917434692
6675,93.5550994873
6676,78.091178894
6677,93.9290084839
6679,93.5098648071
6680,113.022254944
6681,103.06502533
6685,103.06502533
6688,93.4263153076
6689,92.4822769165
6690,110.961654663
6692,111.458312988
6693,93.4862136841
6694,93.4058990479
6698,115.180778503
6699,92.7693481445
6700,110.976028442
6701,92.7119445801
6702,111.113670349
6704,92.4822769165
6707,111.187095642
6712,111.071296692
6713,93.1239089966
6715,93.7842788696
6721,111.26461792
6722,92.9134902954
6723,111.215484619
6724,93.9305267334
6725,115.121322632
6731,111.071342468
6735,85.8372802734
6736,93.8487625122
6737,103.046737671
6738,94.6544570923
6739,102.923141479
6741,102.494514465
6743,93.5692901611
6745,92.595703125
6747,111.182113647
6749,93.222442627
6750,102.88193512
6751,114.797416687
6752,93.51197052
6753,111.458312988
6755,117.165130615
6756,92.7431869507
6757,102.507415771
6759,111.733161926
6761,92.9284820557
6763,92.7119445801
6764,115.180778503
6765,93.8749465942
6766,110.992240906
6768,111.342338562
6771,92.4822769165
6773,93.3607635498
6774,93.379776001
6778,102.807090759
6779,94.8457260132
6781,91.4693069458
6784,94.9027709961
6786,93.5692901611
6787,111.613052368
6790,95.1109008789
6793,102.88193512
6795,111.458312988
6798,111.130897522
6806,102.925712585
6807,93.5797805786
6810,93.0914382935
6815,111.539283752
6816,93.2138137817
6817,102.670730591
6818,93.3626556396
6819,103.06502533
6820,93.520324707
6822,92.8935699463
6823,114.923126221
6824,111.576950073
6825,93.1127090454
6828,77.5777282715
6829,112.373550415
6831,110.952072144
6832,93.222442627
6833,111.411872864
6834,92.7119445801
6836,95.7610778809
6837,111.071296692
6838,93.0443649292
6840,102.624816895
6843,92.4963226318
6845,92.4963226318
6846,92.6257629395
6847,111.411872864
6851,111.098297119
6852,93.3106613159
6853,111.928138733
6858,95.47706604
6861,111.124382019
6863,113.419013977
6864,78.2524490356
6865,92.9946060181
6866,110.930747986
6867,93.277305603
6868,102.601402283
6869,93.3031997681
6870,111.576950073
6874,111.539283752
6875,93.2070083618
6877,111.342338562
6878,94.8820419312
6880,92.6551589966
6883,111.071754456
6884,93.8936767578
6886,93.6868896484
6890,94.3046722412
6893,110.809967041
6894,92.9678497314
6899,111.342338562
6900,93.1203918457
6904,92.7115631104
6905,111.122673035
6906,92.0254058838
6910,92.4133758545
6912,102.850219727
6913,115.114151001
6920,92.5814666748
6922,93.5394210815
6923,111.349533081
6926,93.5048675537
6927,110.546417236
6928,91.5309066772
6931,108.214065552
6933,93.2538757324
6936,91.512512207
6937,110.962516785
6939,110.502449036
6941,93.4605102539
6942,110.20917511
6943,93.237663269
6944,102.104988098
6945,93.6192550659
6946,110.894821167
6947,115.071998596
6949,103.395591736
6951,103.395591736
6953,110.347808838
6954,92.4626159668
6955,111.831626892
6963,107.978851318
6964,92.5955047607
6966,92.9744720459
6968,92.5814666748
6970,102.896789551
6972,111.402893066
6976,112.826164246
6978,110.821968079
6981,104.195709229
6985,102.773155212
6986,93.1136627197
6987,111.881187439
6989,111.385185242
6991,114.814346313
6993,111.834640503
6994,93.5083770752
6995,111.093009949
6996,93.0756149292
6997,111.817985535
6998,78.1193313599
7001,107.978851318
7003,111.312507629
7006,93.5174407959
7008,101.97101593
7010,92.3875427246
7011,92.8874969482
7012,110.670799255
7013,93.0140762329
7014,110.936401367
7017,102.820587158
7018,92.4869232178
7019,92.3875427246
7023,93.5597991943
7024,102.814361572
7025,92.8432540894
7026,110.875053406
7027,92.9724807739
7028,112.749061584
7030,111.349533081
7031,95.0444793701
7033,111.446037292
7036,93.4860458374
7037,93.5155487061
7039,92.9232025146
7044,93.0177154541
7045,110.962516785
7046,96.2193145752
7049,104.896911621
7050,93.9528579712
7051,102.896789551
7054,108.344497681
7055,93.5535507202
7057,93.2538757324
7060,111.233558655
7061,93.4924926758
7063,91.4250106812
7064,111.056251526
7067,92.5463790894
7071,93.6246032715
7074,102.368675232
7075,93.470413208
7078,110.962516785
7079,92.3734970093
7080,115.581069946
7081,93.9342956543
7082,110.962516785
7083,92.3208007812
7085,115.48298645
7092,102.956245422
7094,93.0009307861
7100,93.3499984741
7101,111.038856506
7102,110.821968079
7104,111.856628418
7105,93.4924926758
7106,92.4869232178
7107,102.045532227
7108,77.922203064
7109,93.305770874
7110,110.962516785
7112,93.52394104
7113,102.956245422
7114,95.0813751221
7116,110.821968079
7117,93.4924926758
7118,102.817062378
7120,93.0459136963
7121,102.469421387
7123,102.18875885
7124,94.4905014038
7127,108.343406677
7131,102.18875885
7132,93.2538757324
7133,92.323059082
7134,110.926704407
7135,92.4329528809
7136,111.294822693
7137,92.6991119385
7141,93.4310913086
7144,102.956245422
7147,112.168960571
7148,92.3751907349
7150,92.3209152222
7151,93.0459136963
7152,102.391899109
7154,92.9189758301
7156,93.395942688
7157,102.29132843
7159,115.071998596
7161,93.5059432983
7163,92.9685897827
7164,102.7006073
7167,77.9436645508
7169,102.52721405
7170,92.9864578247
7173,92.9685897827
7174,102.376060486
7177,111.022018433
7178,102.573150635
7179,93.0280456543
7180,79.1418380737
7181,111.468170166
7182,92.9011001587
7184,92.4869232178
7185,111.817985535
7186,91.2387771606
7187,114.455337524
7188,92.8620758057
7189,112.498420715
7191,102.228126526
7193,107.913200378
7197,95.5000762939
7199,92.9875793457
7200,110.962516785
7201,92.4329528809
7204,92.9521560669
7207,111.200393677
7209,113.31023407
7210,93.3925323486
7211,104.995475769
7213,93.0273666382
7214,111.817985535
7216,111.817985535
7217,93.1793212891
7220,111.093009949
7224,111.349533081
7225,93.2756195068
7226,111.817985535
7227,93.470413208
7234,111.817985535
7236,86.200302124
7239,102.65838623
7240,93.2267837524
7242,115.022193909
7244,111.013877869
7245,92.8590698242
7247,110.957901001
7248,92.739654541
7249,115.071998596
7250,111.518112183
7251,93.4119262695
7252,111.166160583
7253,78.1436691284
7256,93.1900558472
7260,92.6031646729
7261,111.530258179
7264,94.1367416382
7269,113.623306274
7270,93.0840072632
7273,111.233558655
7279,92.1730651855
7281,111.468170166
7284,92.3285980225
7285,111.395233154
7286,115.071998596
7287,92.8165130615
7289,92.2127227783
7292,92.5009002686
7293,110.962516785
7296,92.9953231812
7297,111.443199158
7298,91.7956161499
7299,112.244743347
7301,102.154853821
7304,110.873329163
7306,117.528793335
7308,93.1069488525
7309,103.024749756
7312,93.5931396484
7313,78.8672103882
7314,92.3157119751
7316,91.3298187256
7319,116.721008301
7321,95.9557266235
7323,92.721572876
7324,102.020011902
7325,93.4573822021
7328,101.798469543
7330,77.8369750977
7334,93.0084457397
7337,111.570747375
7338,94.1469116211
7339,92.2846755981
7341,92.1525726318
7342,111.570747375
7344,111.086639404
7345,111.111412048
7347,107.561431885
7349,110.971832275
7350,94.2170562744
7353,110.534042358
7355,110.860626221
7356,93.360748291
7357,111.832633972
7358,93.4157409668
7360,91.3975296021
7363,104.473014832
7364,93.0399780273
7366,92.6238098145
7368,93.0356140137
7369,110.440620422
7370,92.6586380005
7373,92.2751312256
7374,110.933334351
7375,92.5150985718
7377,92.5046463013
7379,92.0202789307
7380,115.024597168
7382,111.38848877
7383,92.3769454956
7385,92.6326675415
7386,102.163269043
7391,93.26927948
7394,108.967521667
7396,111.021774292
7397,92.791519165
7399,92.5046463013
7400,102.379859924
7403,77.7919006348
7405,111.676216125
7408,111.38848877
7414,112.813896179
7416,104.027038574
7417,92.3339996338
7419,92.6544189453
7420,109.186103821
7421,93.5542984009
7422,92.8994293213
7423,104.473014832
7425,77.7919006348
7430,93.4699172974
7432,92.8784713745
7433,93.211265564
7434,110.551971436
7436,107.986534119
7437,92.2172851562
7438,102.162239075
7440,104.14982605
7441,92.8576812744
7442,111.284545898
7445,111.07359314
7446,101.834487915
7448,110.746810913
7450,102.195663452
7451,91.8609542847
7454,114.392158508
7455,92.7914962769
7457,110.521064758
7459,101.834487915
7462,92.5601577759
7464,91.8609542847
7465,110.800056458
7466,93.057182312
7467,110.70085907
7469,110.489318848
7472,92.8824234009
7473,110.997764587
7479,92.9039154053
7480,103.043823242
7484,110.726547241
7491,92.7510375977
7494,104.630149841
7495,92.3745498657
7501,94.6808242798
7503,92.2748641968
7504,102.378067017
7505,92.1390075684
7508,110.529052734
7509,92.7060623169
7510,77.7100601196
7511,113.087882996
7515,92.7786026001
7516,102.29208374
7517,92.8528747559
7518,102.380752563
7519,92.5286483765
7521,92.9412002563
7522,101.935066223
7524,101.94430542
7526,102.363670349
7527,92.9095535278
7528,101.785728455
7529,92.6690826416
7534,110.684745789
7537,110.485664368
7538,92.9635467529
7540,92.7247695923
7541,110.641448975
7545,111.034561157
7551,114.535972595
7553,92.6691970825
7554,101.611923218
7555,92.7934188843
7561,110.641448975
7562,92.845741272
7564,92.6162567139
7565,104.067985535
7566,92.1718215942
7567,109.980224609
7569,101.659835815
7570,92.8888320923
7571,113.764076233
7572,92.0152511597
7574,102.29724884
7578,111.655479431
7579,92.5385055542
7586,92.3182449341
7587,81.1714248657
7590,92.6307678223
7593,110.915924072
7594,92.9456329346
7595,92.1718215942
7600,91.8736572266
7601,77.7756195068
7602,91.8953704834
7603,111.873497009
7604,91.809173584
7606,92.5004730225
7608,114.395423889
7613,77.6082458496
7615,110.527328491
7616,107.845237732
7617,117.530426025
7618,92.9095535278
7619,102.463180542
7622,93.2742080688
7623,101.766693115
7624,92.996131897
7625,102.09563446
7626,92.5286483765
7627,102.082427979
7628,76.9515457153
7631,102.251861572
7632,102.056373596
7633,92.1809844971
7634,115.880607605
7635,92.1337738037
7636,111.062683105
7637,111.062683105
7639,91.4019851685
7640,77.2270965576
7644,110.207214355
7645,91.3445968628
7648,102.152008057
7649,91.590637207
7650,110.712867737
7652,110.396522522
7653,91.8544158936
7655,91.8858947754
7659,110.026329041
7662,92.2950286865
7664,92.2019271851
7666,93.474281311
7668,92.1680221558
7669,110.312591553
7670,92.1829223633
7672,93.763420105
7673,109.77204895
7678,93.0528335571
7679,77.2080154419
7680,103.697792053
7683,90.9062652588
7685,115.224876404
7688,91.1074447632
7690,107.402648926
7692,91.7128372192
7693,92.4683685303
7695,110.94178772
7696,91.6174468994
7698,91.6110229492
7699,111.388572693
7702,92.3004684448
7703,110.94178772
7704,92.1812057495
7707,112.645294189
7713,77.1062011719
7715,101.708618164
7717,109.843795776
7718,92.2080154419
7719,102.036178589
7721,110.21497345
7722,91.68724823
7725,101.580726624
7727,101.773223877
7730,77.9101333618
7733,91.0534896851
7735,101.169334412
7740,110.94178772
7741,110.431106567
7742,91.4795913696
7744,110.137680054
7747,91.4768981934
7750,77.1656570435
7752,109.764884949
7754,110.178062439
7756,102.459701538
7757,91.7193908691
7758,102.527488708
7760,103.697792053
7761,91.6069946289
7763,110.633407593
7765,92.1504058838
7767,110.94178772
7768,91.7939300537
7771,91.8600845337
7773,91.690246582
7774,111.965766907
7776,103.799911499
7779,91.9600296021
7783,91.1631011963
7786,103.855880737
7787,92.2098617554
7789,91.821472168
7791,92.1379623413
7793,91.7944717407
7794,110.076217651
7795,91.4860916138
7799,77.2674713135
7800,109.783988953
7802,93.1924667358
7805,109.658073425
7807,101.217247009
7808,92.2659378052
7811,102.519393921
7817,107.402648926
7818,101.93547821
7819,91.1074447632
7822,91.2019882202
7823,111.29233551
7825,111.790512085
7828,91.6246490479
7832,91.2237014771
7833,77.1269226074
7834,110.568443298
7835,91.8739852905
7837,91.6019668579
7840,90.4417419434
7842,92.2918777466
7843,109.844528198
7844,91.8744125366
7846,91.6069946289
7850,92.0112686157
7853,110.08631897
7855,114.093383789
7858,91.821472168
7863,109.964889526
7865,110.08631897
7866,91.7262802124
7868,90.9426116943
7869,110.086364746
7871,77.0674667358
7872,101.545417786
7874,101.157791138
7877,109.664375305
7878,91.2237014771
7879,110.135704041
7881,91.3455429077
7883,91.6986160278
7885,101.728057861
7886,91.9975280762
7889,93.2515716553
7890,102.252182007
7891,92.8889389038
7893,92.0266723633
7894,103.691642761
7896,110.591972351
7898,101.162834167
7901,91.6214675903
7902,107.037002563
7904,110.251976013
7905,91.7196426392
7906,115.540679932
7909,91.1074447632
7910,101.324104309
7913,91.8536071777
7918,110.145774841
7919,91.0534896851
7923,90.6757049561
7925,91.6069946289
7927,90.9851760864
7930,91.8250656128
7932,92.5404205322
7933,90.7807312012
7935,91.0197601318
7939,101.409225464
7942,93.9496994019
7943,109.709663391
7945,103.562065125
7946,92.2821044922
7948,91.8210449219
7949,110.473335266
7950,91.6598968506
7951,110.94178772
7955,101.616424561
7959,92.2864685059
7960,110.94178772
7961,91.3956222534
7962,101.662986755
7964,105.506370544
7965,92.6989593506
7966,110.08631897
7967,101.774742126
7968,92.9120178223
7971,102.587654114
7974,91.0534896851
7976,108.672302246
7978,110.109031677
7982,110.94178772
7983,91.1074447632
7984,102.080047607
7986,92.1149978638
7989,110.473335266
7991,107.037002563
7992,110.216018677
7993,91.7189559937
7994,109.945770264
7995,91.2237014771
7997,91.1504821777
7998,102.080047607
7999,107.402648926
8002,91.6741104126
8007,92.012878418
8009,92.2925109863
8011,92.0723342896
8013,93.1597976685
8015,101.921081543
8017,110.198860168
8019,115.224876404
8023,91.9656143188
8024,110.94178772
8026,110.151405334
8027,91.5737991333
8029,91.5891113281
8030,110.568443298
8031,92.0723342896
8033,92.5081863403
8035,92.81275177
8036,101.94707489
8039,101.784561157
8042,91.0865707397
8044,91.7335205078
8046,77.1164016724
8048,111.370742798
8049,91.7196426392
8050,102.866950989
8053,91.7297515869
8054,90.8329162598
8059,91.3461303711
8061,91.9404830933
8062,110.233894348
8064,110.35736084
8066,103.353874207
8067,92.1289138794
8068,92.3784332275
8070,93.4635467529
8071,110.08631897
8072,92.4077606201
8076,91.9513549805
8080,91.4412841797
8081,110.745201111
8084,99.7205123901
8087,111.073326111
8089,90.3017349243
8090,115.080307007
8091,102.519393921
8094,111.738594055
8100,91.2945327759
8101,92.715171814
8110,91.9091033936
8111,107.037002563
8112,91.9831924438
8115,109.392433167
8116,92.6328125
8118,110.35736084
8121,115.165420532
8125,109.80683136
8127,110.176368713
8128,92.5538024902
8129,107.037002563
8131,92.9761886597
8138,92.3784332275
8139,101.455535889
8140,91.3461303711
8141,91.690246582
8142,110.186523438
8143,110.197135925
8145,110.151405334
8146,90.7031555176
8148,112.289466858
8153,110.198860168
8154,90.2946090698
8155,111.183380127
8161,91.9455795288
8162,110.494232178
8163,92.0343933105
8166,109.996635437
8168,110.139404297
8170,92.5507888794
8172,107.037002563
8173,91.2559738159
8176,102.09274292
8179,92.2113418579
8181,91.8467788696
8182,115.224876404
8184,109.996635437
8190,103.697792053
8191,92.2940063477
8194,111.213874817
8196,110.805297852
8198,110.198860168
8199,109.945770264
8201,110.754486084
8202,91.6277160645
8207,92.9014434814
8208,107.037002563
8211,110.277351379
8214,108.637649536
8217,92.2113418579
8218,109.783988953
8222,92.2155532837
8229,101.960624695
8231,92.2153625488
8233,93.457649231
8236,92.1625137329
8238,110.94178772
8240,101.360221863
8243,103.737968445
8246,111.81502533
8250,91.9211578369
8254,91.8897323608
8256,77.1062011719
8257,110.394393921
8258,91.6271286011
8260,91.309928894
8261,110.724258423
8263,115.106452942
8264,92.0080108643
8267,109.77204895
8268,91.9137191772
8271,92.3626174927
8272,107.037002563
8275,93.2355651855
8276,92.6495742798
8277,102.706260681
8278,115.224876404
8279,92.3728790283
8280,109.851707458
8281,92.200012207
8282,110.281822205
8287,111.216438293
8288,91.2559738159
8289,110.555557251
8294,92.2660827637
8296,91.8927307129
8299,110.332580566
8302,102.080047607
8308,110.144889832
8314,101.662986755
8315,92.8952484131
8316,110.191696167
8317,92.2153625488
8319,110.077461243
8320,91.1444854736
8321,115.165420532
8323,91.8056793213
8325,92.5579376221
8326,110.060203552
8328,107.037002563
8330,109.783988953
8331,90.8948516846
8332,115.847618103
8334,92.4403686523
8338,92.1723937988
8339,93.0663833618
8341,92.0907440186
8345,109.945770264
8346,91.8467788696
8347,101.662986755
8349,92.2845840454
8351,92.1480636597
8352,114.518638611
8353,107.037002563
8355,109.905433655
8358,107.402648926
8359,109.783988953
8360,93.2029418945
8361,109.889648438
8363,101.854660034
8364,92.8386306763
8365,93.9547271729
8366,102.923057556
8370,110.288337708
8372,92.2291564941
8376,92.0660171509
8377,112.709884644
8379,109.997131348
8380,91.7349319458
8381,110.216018677
8386,90.3265075684
8388,101.611351013
8389,92.1615829468
8391,111.268005371
8394,91.8897323608
8396,101.784561157
8398,101.545417786
8400,111.81778717
8401,90.3219451904
8404,92.0907440186
8407,92.3484039307
8408,111.579551697
8409,107.096458435
8410,101.784561157
8411,92.5252075195
8413,92.0411529541
8414,109.909042358
8416,91.548614502
